33d83e4db8b53d5407c79d423155b47b3cef7a2c,linear_svm_test.cpp
bde18b80ada1e0d5774f17c39cb72477a1a97618,cf_main.cpp
bde18b80ada1e0d5774f17c39cb72477a1a97618,fastmks_main.cpp
bde18b80ada1e0d5774f17c39cb72477a1a97618,hmm_train_main.cpp
bde18b80ada1e0d5774f17c39cb72477a1a97618,kde_impl.hpp
bde18b80ada1e0d5774f17c39cb72477a1a97618,preprocess_scale_main.cpp
177463e2effa3c313cc6c46edf99a47af031e871,gmm.cpp
31a199f05ec5099bc3dfdc27c7df91aa9844a3a7,load_save_test.cpp
09cb26c5f20502617af2eec5a96dccbec7bdfc40,kfn_main.cpp
09cb26c5f20502617af2eec5a96dccbec7bdfc40,furthest_neighbor_sort.hpp
09cb26c5f20502617af2eec5a96dccbec7bdfc40,furthest_neighbor_sort_impl.hpp
09cb26c5f20502617af2eec5a96dccbec7bdfc40,nearest_neighbor_sort.hpp
09cb26c5f20502617af2eec5a96dccbec7bdfc40,nearest_neighbor_sort_impl.hpp
e97d1bf8c313736948425fa56b3d8de24cc4b4ec,kde_main.cpp
96f975f4738387a91e333be5b4f3e049057a878c,approx_kfn_test.cpp
0e02c33cea0f8d19d079a51bcd7b5645492fe89a,sparse_coding_main.cpp
0e02c33cea0f8d19d079a51bcd7b5645492fe89a,sparse_coding_test.cpp
470bb5a6dd3f81b955781b8b253abd94ef8d681b,adaboost_test.cpp
5ee4a2f0175df8d4b7b6e73a022f46fa36e9c8f5,linear_regression_main.cpp
38d2155f75f73b79b5746a6b6918c362e0c9040d,bukin_function.cpp
38d2155f75f73b79b5746a6b6918c362e0c9040d,bukin_function.hpp
c107ffc1c52c1b2e732327183b3626313a5630b1,sparse_coding_main.cpp
c107ffc1c52c1b2e732327183b3626313a5630b1,sparse_coding_test.cpp
8b01dc2050c1f452ecaccbcdc8eddc9af52de4eb,adaboost_test.cpp
fdb379979755e7b22e4c8160883e5cd8ff2dfda3,linear_regression_main.cpp
27288163b957f94449057a98e35c362f8a2e0bc1,frankwolfe_test.cpp
6d4574d039b75e5bfe7bc85ca30df007219c41ca,cli_binding_test.cpp
1fd5f323445ddc252d75dfdefeb39a8735a42c15,cosine_tree.cpp
d5358b7f399206431b99e1b24d0ecf1afb87e99f,hoeffding_tree_model.cpp
139ad60d5f2f450a3c08c00f3ecea970a48d277e,cli.cpp
256cd1c179c0114aaf1c8073a6ab73b37fe667f1,typedef.hpp
256cd1c179c0114aaf1c8073a6ab73b37fe667f1,x_tree_split_impl.hpp
256cd1c179c0114aaf1c8073a6ab73b37fe667f1,rectangle_tree_test.cpp
0c3faf26aab23f6450a51a64932a6ba511d981e7,adaboost_test.cpp
d65abd53b4a3fb882b156fbac23714c571cc29cf,hoeffding_tree_main.cpp
8983d407248ce5b3704d2e2349a7fe687bebd8b0,cosine_tree.cpp
8983d407248ce5b3704d2e2349a7fe687bebd8b0,cosine_tree.hpp
a63e408ee66fb366fe4419c65939e408752772a6,adaboost_test.cpp
bf0e0239e988190e898d1729aa823f4bbd552c03,r_tree_descent_heuristic_impl.hpp
bf0e0239e988190e898d1729aa823f4bbd552c03,r_tree_split_impl.hpp
bf0e0239e988190e898d1729aa823f4bbd552c03,rectangle_tree.hpp
bf0e0239e988190e898d1729aa823f4bbd552c03,rectangle_tree_impl.hpp
bf0e0239e988190e898d1729aa823f4bbd552c03,rectangle_tree_test.cpp
d881abd25e5439b01f7c71f114952c8425884cc0,r_tree_split_impl.hpp
d881abd25e5439b01f7c71f114952c8425884cc0,rectangle_tree_impl.hpp
d881abd25e5439b01f7c71f114952c8425884cc0,allknn_main.cpp
bd7aef7910acf070c83acfea3da4568d3e7388b3,dt_utils.cpp
34ffa8bdc0be2d69197aebe2c31451f027847d5d,dt_utils.cpp
ba9a82e91429095812b8f3a71c5eadf1f820e31d,nca.hpp
ba9a82e91429095812b8f3a71c5eadf1f820e31d,nca_impl.hpp
ba9a82e91429095812b8f3a71c5eadf1f820e31d,nca_main.cpp
ba9a82e91429095812b8f3a71c5eadf1f820e31d,nca_softmax_error_function.hpp
ba9a82e91429095812b8f3a71c5eadf1f820e31d,nca_softmax_error_function_impl.hpp
73ac5aaa1b5e86d23665d0b001a6026b6217af2d,discrete_distribution.cpp
932b39a6e53e107706ba62b830499eb1a00d0cde,tree_test.cc
d9b2b7f2cbf749647b9bfff45a7cd1801320f425,CMakeLists.txt
d9b2b7f2cbf749647b9bfff45a7cd1801320f425,io.cc
d9b2b7f2cbf749647b9bfff45a7cd1801320f425,io.h
d9b2b7f2cbf749647b9bfff45a7cd1801320f425,io_deleter.cc
d9b2b7f2cbf749647b9bfff45a7cd1801320f425,io_deleter.h
586d583637b4cbf2f7b6e56abf6103d52f3cd935,mixed_logit_dcm.test.cc
586d583637b4cbf2f7b6e56abf6103d52f3cd935,mixed_logit_dcm_dev.h
a56644014d73b699118f91b617ac8f4aa7bc1405,distributed_kde.test.cc
150433a029205b35259f96a84bb93a3fec812901,distributed_table.h
150433a029205b35259f96a84bb93a3fec812901,distributed_table.test.cc
0fb85d2a072e0196e97d18210b6cbb171d91a113,distributed_table.h
0fb85d2a072e0196e97d18210b6cbb171d91a113,distributed_table.test.cc
e04ee20e366d4ad1b4b740277776af147818d031,textfile.cc
6cb7a401d82de16b59df895b0330cd1177e91b33,n_point_multi.cc
e1eee3912d544e17f62fc2aa754f8293f57cbe8a,matrix_tree.h
e1eee3912d544e17f62fc2aa754f8293f57cbe8a,multi_tree_fock.cc
5907277a476cde85f17ada6965e900acbfbe30cd,link.cc
5907277a476cde85f17ada6965e900acbfbe30cd,naive_fock_matrix.h
5907277a476cde85f17ada6965e900acbfbe30cd,schwartz_prescreening.cc
1eb5f877545c30f3e4914e802a2cac29c09c1690,eri.cc
621fe6211e41fae13b355a1d799428bb684796b3,mixture.h
621fe6211e41fae13b355a1d799428bb684796b3,zhmm.cc
621fe6211e41fae13b355a1d799428bb684796b3,zhmm.h
ec2a18f24a38c38dd52acf65acc731a19460487c,cfmm_coulomb.cc
ec2a18f24a38c38dd52acf65acc731a19460487c,eri.cc
ec2a18f24a38c38dd52acf65acc731a19460487c,fock_matrix_main.cc
ec2a18f24a38c38dd52acf65acc731a19460487c,link.cc
ec2a18f24a38c38dd52acf65acc731a19460487c,link.h
ec2a18f24a38c38dd52acf65acc731a19460487c,multi_tree_fock.cc
ec2a18f24a38c38dd52acf65acc731a19460487c,multi_tree_fock.h
3372efff07b0602026bdfa2a7b2c8a21ab22cec1,compressed_matrix.h
3372efff07b0602026bdfa2a7b2c8a21ab22cec1,compression_test.cc
6a5b0d68adf4d7fb0e3085a79f7acb62fdc3e522,allnn.h
6a5b0d68adf4d7fb0e3085a79f7acb62fdc3e522,main.cc
b713dc5aa3da76e2244cd4df9715a4fb2b2545ac,dnnl_requantize-inl.h
b555b54af48d0d8193c615adb65db823a8b7e839,build_windows.py
b555b54af48d0d8193c615adb65db823a8b7e839,Dockerfile.build.ubuntu
b555b54af48d0d8193c615adb65db823a8b7e839,runtime_functions.sh
e6a855c47609070790a2c631749400221f102972,test_onnxruntime.py
dfda45bf039e8773042b88d6d4fc0841a4639c41,moments-inl.h
dfda45bf039e8773042b88d6d4fc0841a4639c41,test_np_large_array.py
1f158197aa1fbd3a31c67581537bc1ee37e11dd0,naive_engine.cc
23b3665290cd828aaab7e2af4fcd740d798a1c8c,config.yml
22d69ef32c5b8d43d20ac4800d70a669c627ea08,amp.py
22d69ef32c5b8d43d20ac4800d70a669c627ea08,loss_scaler.py
22d69ef32c5b8d43d20ac4800d70a669c627ea08,trainer.py
146b49ead32b941f74db694f2d453cb25650d252,test_utils.py
146b49ead32b941f74db694f2d453cb25650d252,linalg.h
146b49ead32b941f74db694f2d453cb25650d252,linalg_impl.h
146b49ead32b941f74db694f2d453cb25650d252,log_softmax.cc
146b49ead32b941f74db694f2d453cb25650d252,softmax.cc
146b49ead32b941f74db694f2d453cb25650d252,np_true_divide-inl.h
146b49ead32b941f74db694f2d453cb25650d252,test_gluon_gpu.py
146b49ead32b941f74db694f2d453cb25650d252,test_gluon_model_zoo_gpu.py
146b49ead32b941f74db694f2d453cb25650d252,test_operator_gpu.py
146b49ead32b941f74db694f2d453cb25650d252,test_profiler_gpu.py
146b49ead32b941f74db694f2d453cb25650d252,common.py
146b49ead32b941f74db694f2d453cb25650d252,test_autograd.py
146b49ead32b941f74db694f2d453cb25650d252,test_contrib_gluon_data_vision.py
146b49ead32b941f74db694f2d453cb25650d252,test_gluon.py
146b49ead32b941f74db694f2d453cb25650d252,test_gluon_probability_v1.py
146b49ead32b941f74db694f2d453cb25650d252,test_gluon_probability_v2.py
146b49ead32b941f74db694f2d453cb25650d252,test_ndarray.py
146b49ead32b941f74db694f2d453cb25650d252,test_numpy_contrib_gluon_data_vision.py
146b49ead32b941f74db694f2d453cb25650d252,test_numpy_interoperability.py
146b49ead32b941f74db694f2d453cb25650d252,test_numpy_op.py
146b49ead32b941f74db694f2d453cb25650d252,test_operator.py
146b49ead32b941f74db694f2d453cb25650d252,test_sparse_operator.py
b4b8b805fe94a6df905c6eae7f6c1f83cfea9b73,__init__.py
b4b8b805fe94a6df905c6eae7f6c1f83cfea9b73,__init__.py
b4b8b805fe94a6df905c6eae7f6c1f83cfea9b73,__init__.py
b4b8b805fe94a6df905c6eae7f6c1f83cfea9b73,stochastic_block.py
b4b8b805fe94a6df905c6eae7f6c1f83cfea9b73,__init__.py
b4b8b805fe94a6df905c6eae7f6c1f83cfea9b73,bernoulli.py
b4b8b805fe94a6df905c6eae7f6c1f83cfea9b73,beta.py
b4b8b805fe94a6df905c6eae7f6c1f83cfea9b73,binomial.py
b4b8b805fe94a6df905c6eae7f6c1f83cfea9b73,categorical.py
b4b8b805fe94a6df905c6eae7f6c1f83cfea9b73,cauchy.py
b4b8b805fe94a6df905c6eae7f6c1f83cfea9b73,chi2.py
b4b8b805fe94a6df905c6eae7f6c1f83cfea9b73,constraint.py
b4b8b805fe94a6df905c6eae7f6c1f83cfea9b73,dirichlet.py
b4b8b805fe94a6df905c6eae7f6c1f83cfea9b73,distribution.py
b4b8b805fe94a6df905c6eae7f6c1f83cfea9b73,divergence.py
b4b8b805fe94a6df905c6eae7f6c1f83cfea9b73,exp_family.py
b4b8b805fe94a6df905c6eae7f6c1f83cfea9b73,exponential.py
b4b8b805fe94a6df905c6eae7f6c1f83cfea9b73,fishersnedecor.py
b4b8b805fe94a6df905c6eae7f6c1f83cfea9b73,gamma.py
b4b8b805fe94a6df905c6eae7f6c1f83cfea9b73,geometric.py
b4b8b805fe94a6df905c6eae7f6c1f83cfea9b73,gumbel.py
b4b8b805fe94a6df905c6eae7f6c1f83cfea9b73,half_cauchy.py
b4b8b805fe94a6df905c6eae7f6c1f83cfea9b73,half_normal.py
b4b8b805fe94a6df905c6eae7f6c1f83cfea9b73,independent.py
b4b8b805fe94a6df905c6eae7f6c1f83cfea9b73,laplace.py
b4b8b805fe94a6df905c6eae7f6c1f83cfea9b73,multinomial.py
b4b8b805fe94a6df905c6eae7f6c1f83cfea9b73,multivariate_normal.py
b4b8b805fe94a6df905c6eae7f6c1f83cfea9b73,negative_binomial.py
b4b8b805fe94a6df905c6eae7f6c1f83cfea9b73,normal.py
b4b8b805fe94a6df905c6eae7f6c1f83cfea9b73,one_hot_categorical.py
b4b8b805fe94a6df905c6eae7f6c1f83cfea9b73,pareto.py
b4b8b805fe94a6df905c6eae7f6c1f83cfea9b73,poisson.py
b4b8b805fe94a6df905c6eae7f6c1f83cfea9b73,relaxed_bernoulli.py
b4b8b805fe94a6df905c6eae7f6c1f83cfea9b73,relaxed_one_hot_categorical.py
b4b8b805fe94a6df905c6eae7f6c1f83cfea9b73,studentT.py
b4b8b805fe94a6df905c6eae7f6c1f83cfea9b73,transformed_distribution.py
b4b8b805fe94a6df905c6eae7f6c1f83cfea9b73,uniform.py
b4b8b805fe94a6df905c6eae7f6c1f83cfea9b73,utils.py
b4b8b805fe94a6df905c6eae7f6c1f83cfea9b73,weibull.py
b4b8b805fe94a6df905c6eae7f6c1f83cfea9b73,__init__.py
b4b8b805fe94a6df905c6eae7f6c1f83cfea9b73,domain_map.py
b4b8b805fe94a6df905c6eae7f6c1f83cfea9b73,transformation.py
b4b8b805fe94a6df905c6eae7f6c1f83cfea9b73,random.py
b4b8b805fe94a6df905c6eae7f6c1f83cfea9b73,multisample_op.cc
b4b8b805fe94a6df905c6eae7f6c1f83cfea9b73,multisample_op.h
b4b8b805fe94a6df905c6eae7f6c1f83cfea9b73,sample_op.cc
b4b8b805fe94a6df905c6eae7f6c1f83cfea9b73,test_operator_gpu.py
b4b8b805fe94a6df905c6eae7f6c1f83cfea9b73,test_gluon_probability_v1.py
b4b8b805fe94a6df905c6eae7f6c1f83cfea9b73,test_gluon_probability_v2.py
5df002567dd2e9ebcfeb620a9ba55adbded743da,fused_op.cc
c3aff732371d6177e5d522c052fb7258978d8ce4,conftest.py
c3aff732371d6177e5d522c052fb7258978d8ce4,pytest.ini
c3aff732371d6177e5d522c052fb7258978d8ce4,block.py
c3aff732371d6177e5d522c052fb7258978d8ce4,basic_layers.py
c3aff732371d6177e5d522c052fb7258978d8ce4,basic_layers.py
c3aff732371d6177e5d522c052fb7258978d8ce4,rnn_cell.py
c3aff732371d6177e5d522c052fb7258978d8ce4,conftest.py
c3aff732371d6177e5d522c052fb7258978d8ce4,test_contrib_amp.py
c3aff732371d6177e5d522c052fb7258978d8ce4,test_bucketing.py
c3aff732371d6177e5d522c052fb7258978d8ce4,test_dtype.py
c3aff732371d6177e5d522c052fb7258978d8ce4,test_resnet_aug.py
c3aff732371d6177e5d522c052fb7258978d8ce4,mxnet_export_test.py
c3aff732371d6177e5d522c052fb7258978d8ce4,test_autograd.py
c3aff732371d6177e5d522c052fb7258978d8ce4,test_gluon.py
c3aff732371d6177e5d522c052fb7258978d8ce4,test_gluon_data.py
c3aff732371d6177e5d522c052fb7258978d8ce4,test_module.py
67b5d314a5a46bce4377668626a73f0481b60fea,test_gluon_data.py
0210ce2c136afaa0f57666e5e1c659cab353f5f3,conftest.py
0210ce2c136afaa0f57666e5e1c659cab353f5f3,parameter.py
0210ce2c136afaa0f57666e5e1c659cab353f5f3,test_gluon.py
0210ce2c136afaa0f57666e5e1c659cab353f5f3,test_gluon_trainer.py
09224c4d125121f740c573dd981cdedeade61af3,storage_profiler.h
3e676fc2c88bec75e4463c8fa9b5532664d518c2,block.py
3e676fc2c88bec75e4463c8fa9b5532664d518c2,test_gluon.py
3e676fc2c88bec75e4463c8fa9b5532664d518c2,test_thread_local.py
47cd0ba72efce13d383396387fe3e1303b83ae89,quantized_elemwise_mul.cc
47cd0ba72efce13d383396387fe3e1303b83ae89,test_quantization.py
1c9274ed4a423750fbf6b7ccad249be1c4d67ee8,test_numpy_op.py
da95add57bee137422ec838a7016ee986a880982,mkldnn_convolution.cc
f01dc80f030d2d1912c8e134c95f373e9f1f8e7b,Makefile
f01dc80f030d2d1912c8e134c95f373e9f1f8e7b,test_transposecsr.py
f01dc80f030d2d1912c8e134c95f373e9f1f8e7b,test_transposerowsp.py
f01dc80f030d2d1912c8e134c95f373e9f1f8e7b,transposecsr_lib.cc
f01dc80f030d2d1912c8e134c95f373e9f1f8e7b,transposerowsp_lib.cc
f01dc80f030d2d1912c8e134c95f373e9f1f8e7b,subgraph_lib.cc
f01dc80f030d2d1912c8e134c95f373e9f1f8e7b,lib_api.h
f01dc80f030d2d1912c8e134c95f373e9f1f8e7b,c_api.cc
f7c43234d08d4b3a9401f2d5ffc1a98795765ad5,README.md
f7c43234d08d4b3a9401f2d5ffc1a98795765ad5,subgraph_lib.cc
f7c43234d08d4b3a9401f2d5ffc1a98795765ad5,test_subgraph.py
f7c43234d08d4b3a9401f2d5ffc1a98795765ad5,c_api.h
f7c43234d08d4b3a9401f2d5ffc1a98795765ad5,lib_api.h
f7c43234d08d4b3a9401f2d5ffc1a98795765ad5,mxnet.i
f7c43234d08d4b3a9401f2d5ffc1a98795765ad5,block.py
f7c43234d08d4b3a9401f2d5ffc1a98795765ad5,symbol.py
f7c43234d08d4b3a9401f2d5ffc1a98795765ad5,c_api.cc
f7c43234d08d4b3a9401f2d5ffc1a98795765ad5,c_api_symbolic.cc
f7c43234d08d4b3a9401f2d5ffc1a98795765ad5,build_subgraph.cc
f7c43234d08d4b3a9401f2d5ffc1a98795765ad5,custom_subgraph_property.h
f7c43234d08d4b3a9401f2d5ffc1a98795765ad5,subgraph_property.h
f7c43234d08d4b3a9401f2d5ffc1a98795765ad5,test_extensions.py
f7c43234d08d4b3a9401f2d5ffc1a98795765ad5,test_subgraph_op.py
66e4c27de6ffa610c185df1563600eadea190d7d,CMakeLists.txt
d2d4876f5d867d2a6d5b7bb5d1f587b910179f7c,nnvm_to_onnx.cc
c38b52784325380f79cafb9f0407ad327554fe6b,quantization_utils.h
c38b52784325380f79cafb9f0407ad327554fe6b,mkldnn_conv.cc
c38b52784325380f79cafb9f0407ad327554fe6b,mkldnn_fc.cc
c38b52784325380f79cafb9f0407ad327554fe6b,test_subgraph.py
4149f8b8752989fce5d80cc13f92d99774988b4f,env_var.md
4149f8b8752989fce5d80cc13f92d99774988b4f,exec_utils.cc
4149f8b8752989fce5d80cc13f92d99774988b4f,exec_utils.h
4149f8b8752989fce5d80cc13f92d99774988b4f,exec_pass.h
4149f8b8752989fce5d80cc13f92d99774988b4f,graph_executor.cc
4149f8b8752989fce5d80cc13f92d99774988b4f,infer_graph_attr_pass.cc
4149f8b8752989fce5d80cc13f92d99774988b4f,pointwise_fusion_pass.cc
4149f8b8752989fce5d80cc13f92d99774988b4f,simple_partition_pass.h
4149f8b8752989fce5d80cc13f92d99774988b4f,cached_op.cc
4149f8b8752989fce5d80cc13f92d99774988b4f,cached_op.h
4149f8b8752989fce5d80cc13f92d99774988b4f,imperative.cc
4149f8b8752989fce5d80cc13f92d99774988b4f,fused_op-inl.h
4149f8b8752989fce5d80cc13f92d99774988b4f,fused_op.cc
4149f8b8752989fce5d80cc13f92d99774988b4f,fused_op.cu
4149f8b8752989fce5d80cc13f92d99774988b4f,fused_op.h
4149f8b8752989fce5d80cc13f92d99774988b4f,mshadow_op.h
4149f8b8752989fce5d80cc13f92d99774988b4f,elemwise_unary_op_basic.cc
4149f8b8752989fce5d80cc13f92d99774988b4f,pooled_storage_manager.h
4149f8b8752989fce5d80cc13f92d99774988b4f,test_fusion.py
4149f8b8752989fce5d80cc13f92d99774988b4f,test_gluon.py
f9baec9a020d125d601790659e15fd7f9c2978c1,_op.py
f9baec9a020d125d601790659e15fd7f9c2978c1,multiarray.py
f9baec9a020d125d601790659e15fd7f9c2978c1,numpy_dispatch_protocol.py
f9baec9a020d125d601790659e15fd7f9c2978c1,_symbol.py
f9baec9a020d125d601790659e15fd7f9c2978c1,np_matrix_op-inl.h
f9baec9a020d125d601790659e15fd7f9c2978c1,np_matrix_op.cc
f9baec9a020d125d601790659e15fd7f9c2978c1,np_matrix_op.cu
f9baec9a020d125d601790659e15fd7f9c2978c1,test_numpy_interoperability.py
f9baec9a020d125d601790659e15fd7f9c2978c1,test_numpy_op.py
e2624551616e930f4106e7366568572208994740,benchmark_einsum.py
e2624551616e930f4106e7366568572208994740,mxnet_op.h
e2624551616e930f4106e7366568572208994740,np_einsum_op-inl.h
e2624551616e930f4106e7366568572208994740,np_einsum_op.cc
e2624551616e930f4106e7366568572208994740,np_einsum_path_op-inl.h
e2624551616e930f4106e7366568572208994740,test_numpy_interoperability.py
e2624551616e930f4106e7366568572208994740,test_numpy_op.py
5042d2ad9fe6d98da7ff81775d23717604f8aa93,mkldnn_conv.cc
5042d2ad9fe6d98da7ff81775d23717604f8aa93,mkldnn_fc.cc
b88705e7744be1cc22122eb2c5b492e495ab45bb,org_apache_mxnet_native_c_api.cc
faccc59bc0ed7e22933c1f86f3aabac6f13fe1a9,naive_engine.cc
66aa983e4dff90c28c356d66423565c69417d3c1,shuffle_op.cc
66aa983e4dff90c28c356d66423565c69417d3c1,test_random.py
102b46feb5bf1061545ac79e4b114a180250740e,Executor.scala
102b46feb5bf1061545ac79e4b114a180250740e,Optimizer.scala
102b46feb5bf1061545ac79e4b114a180250740e,ResourceScope.scala
102b46feb5bf1061545ac79e4b114a180250740e,Symbol.scala
102b46feb5bf1061545ac79e4b114a180250740e,DataParallelExecutorGroup.scala
102b46feb5bf1061545ac79e4b114a180250740e,Adam.scala
102b46feb5bf1061545ac79e4b114a180250740e,ResourceScopeSuite.scala
f98820c366db09dadfeb6d497833f2d173a32cf4,ndarray.h
f98820c366db09dadfeb6d497833f2d173a32cf4,ndarray.cc
f98820c366db09dadfeb6d497833f2d173a32cf4,pooled_storage_manager.h
3ab1decd56563e20fefb5f3f8893abbab26f9cbf,ndarray.h
3ab1decd56563e20fefb5f3f8893abbab26f9cbf,ndarray.cc
3ab1decd56563e20fefb5f3f8893abbab26f9cbf,pooled_storage_manager.h
33d83e4db8b53d5407c79d423155b47b3cef7a2c,linear_svm_test.cpp
bde18b80ada1e0d5774f17c39cb72477a1a97618,cf_main.cpp
bde18b80ada1e0d5774f17c39cb72477a1a97618,fastmks_main.cpp
bde18b80ada1e0d5774f17c39cb72477a1a97618,hmm_train_main.cpp
bde18b80ada1e0d5774f17c39cb72477a1a97618,kde_impl.hpp
bde18b80ada1e0d5774f17c39cb72477a1a97618,preprocess_scale_main.cpp
177463e2effa3c313cc6c46edf99a47af031e871,gmm.cpp
31a199f05ec5099bc3dfdc27c7df91aa9844a3a7,load_save_test.cpp
09cb26c5f20502617af2eec5a96dccbec7bdfc40,kfn_main.cpp
09cb26c5f20502617af2eec5a96dccbec7bdfc40,furthest_neighbor_sort.hpp
09cb26c5f20502617af2eec5a96dccbec7bdfc40,furthest_neighbor_sort_impl.hpp
09cb26c5f20502617af2eec5a96dccbec7bdfc40,nearest_neighbor_sort.hpp
09cb26c5f20502617af2eec5a96dccbec7bdfc40,nearest_neighbor_sort_impl.hpp
e97d1bf8c313736948425fa56b3d8de24cc4b4ec,kde_main.cpp
96f975f4738387a91e333be5b4f3e049057a878c,approx_kfn_test.cpp
0e02c33cea0f8d19d079a51bcd7b5645492fe89a,sparse_coding_main.cpp
0e02c33cea0f8d19d079a51bcd7b5645492fe89a,sparse_coding_test.cpp
470bb5a6dd3f81b955781b8b253abd94ef8d681b,adaboost_test.cpp
5ee4a2f0175df8d4b7b6e73a022f46fa36e9c8f5,linear_regression_main.cpp
38d2155f75f73b79b5746a6b6918c362e0c9040d,bukin_function.cpp
38d2155f75f73b79b5746a6b6918c362e0c9040d,bukin_function.hpp
c107ffc1c52c1b2e732327183b3626313a5630b1,sparse_coding_main.cpp
c107ffc1c52c1b2e732327183b3626313a5630b1,sparse_coding_test.cpp
8b01dc2050c1f452ecaccbcdc8eddc9af52de4eb,adaboost_test.cpp
fdb379979755e7b22e4c8160883e5cd8ff2dfda3,linear_regression_main.cpp
27288163b957f94449057a98e35c362f8a2e0bc1,frankwolfe_test.cpp
6d4574d039b75e5bfe7bc85ca30df007219c41ca,cli_binding_test.cpp
1fd5f323445ddc252d75dfdefeb39a8735a42c15,cosine_tree.cpp
d5358b7f399206431b99e1b24d0ecf1afb87e99f,hoeffding_tree_model.cpp
139ad60d5f2f450a3c08c00f3ecea970a48d277e,cli.cpp
256cd1c179c0114aaf1c8073a6ab73b37fe667f1,typedef.hpp
256cd1c179c0114aaf1c8073a6ab73b37fe667f1,x_tree_split_impl.hpp
256cd1c179c0114aaf1c8073a6ab73b37fe667f1,rectangle_tree_test.cpp
0c3faf26aab23f6450a51a64932a6ba511d981e7,adaboost_test.cpp
d65abd53b4a3fb882b156fbac23714c571cc29cf,hoeffding_tree_main.cpp
8983d407248ce5b3704d2e2349a7fe687bebd8b0,cosine_tree.cpp
8983d407248ce5b3704d2e2349a7fe687bebd8b0,cosine_tree.hpp
a63e408ee66fb366fe4419c65939e408752772a6,adaboost_test.cpp
bf0e0239e988190e898d1729aa823f4bbd552c03,r_tree_descent_heuristic_impl.hpp
bf0e0239e988190e898d1729aa823f4bbd552c03,r_tree_split_impl.hpp
bf0e0239e988190e898d1729aa823f4bbd552c03,rectangle_tree.hpp
bf0e0239e988190e898d1729aa823f4bbd552c03,rectangle_tree_impl.hpp
bf0e0239e988190e898d1729aa823f4bbd552c03,rectangle_tree_test.cpp
d881abd25e5439b01f7c71f114952c8425884cc0,r_tree_split_impl.hpp
d881abd25e5439b01f7c71f114952c8425884cc0,rectangle_tree_impl.hpp
d881abd25e5439b01f7c71f114952c8425884cc0,allknn_main.cpp
bd7aef7910acf070c83acfea3da4568d3e7388b3,dt_utils.cpp
34ffa8bdc0be2d69197aebe2c31451f027847d5d,dt_utils.cpp
ba9a82e91429095812b8f3a71c5eadf1f820e31d,nca.hpp
ba9a82e91429095812b8f3a71c5eadf1f820e31d,nca_impl.hpp
ba9a82e91429095812b8f3a71c5eadf1f820e31d,nca_main.cpp
ba9a82e91429095812b8f3a71c5eadf1f820e31d,nca_softmax_error_function.hpp
ba9a82e91429095812b8f3a71c5eadf1f820e31d,nca_softmax_error_function_impl.hpp
73ac5aaa1b5e86d23665d0b001a6026b6217af2d,discrete_distribution.cpp
932b39a6e53e107706ba62b830499eb1a00d0cde,tree_test.cc
d9b2b7f2cbf749647b9bfff45a7cd1801320f425,CMakeLists.txt
d9b2b7f2cbf749647b9bfff45a7cd1801320f425,io.cc
d9b2b7f2cbf749647b9bfff45a7cd1801320f425,io.h
d9b2b7f2cbf749647b9bfff45a7cd1801320f425,io_deleter.cc
d9b2b7f2cbf749647b9bfff45a7cd1801320f425,io_deleter.h
586d583637b4cbf2f7b6e56abf6103d52f3cd935,mixed_logit_dcm.test.cc
586d583637b4cbf2f7b6e56abf6103d52f3cd935,mixed_logit_dcm_dev.h
a56644014d73b699118f91b617ac8f4aa7bc1405,distributed_kde.test.cc
150433a029205b35259f96a84bb93a3fec812901,distributed_table.h
150433a029205b35259f96a84bb93a3fec812901,distributed_table.test.cc
0fb85d2a072e0196e97d18210b6cbb171d91a113,distributed_table.h
0fb85d2a072e0196e97d18210b6cbb171d91a113,distributed_table.test.cc
e04ee20e366d4ad1b4b740277776af147818d031,textfile.cc
6cb7a401d82de16b59df895b0330cd1177e91b33,n_point_multi.cc
e1eee3912d544e17f62fc2aa754f8293f57cbe8a,matrix_tree.h
e1eee3912d544e17f62fc2aa754f8293f57cbe8a,multi_tree_fock.cc
5907277a476cde85f17ada6965e900acbfbe30cd,link.cc
5907277a476cde85f17ada6965e900acbfbe30cd,naive_fock_matrix.h
5907277a476cde85f17ada6965e900acbfbe30cd,schwartz_prescreening.cc
1eb5f877545c30f3e4914e802a2cac29c09c1690,eri.cc
621fe6211e41fae13b355a1d799428bb684796b3,mixture.h
621fe6211e41fae13b355a1d799428bb684796b3,zhmm.cc
621fe6211e41fae13b355a1d799428bb684796b3,zhmm.h
ec2a18f24a38c38dd52acf65acc731a19460487c,cfmm_coulomb.cc
ec2a18f24a38c38dd52acf65acc731a19460487c,eri.cc
ec2a18f24a38c38dd52acf65acc731a19460487c,fock_matrix_main.cc
ec2a18f24a38c38dd52acf65acc731a19460487c,link.cc
ec2a18f24a38c38dd52acf65acc731a19460487c,link.h
ec2a18f24a38c38dd52acf65acc731a19460487c,multi_tree_fock.cc
ec2a18f24a38c38dd52acf65acc731a19460487c,multi_tree_fock.h
3372efff07b0602026bdfa2a7b2c8a21ab22cec1,compressed_matrix.h
3372efff07b0602026bdfa2a7b2c8a21ab22cec1,compression_test.cc
6a5b0d68adf4d7fb0e3085a79f7acb62fdc3e522,allnn.h
6a5b0d68adf4d7fb0e3085a79f7acb62fdc3e522,main.cc
b713dc5aa3da76e2244cd4df9715a4fb2b2545ac,dnnl_requantize-inl.h
b555b54af48d0d8193c615adb65db823a8b7e839,build_windows.py
b555b54af48d0d8193c615adb65db823a8b7e839,Dockerfile.build.ubuntu
b555b54af48d0d8193c615adb65db823a8b7e839,runtime_functions.sh
e6a855c47609070790a2c631749400221f102972,test_onnxruntime.py
dfda45bf039e8773042b88d6d4fc0841a4639c41,moments-inl.h
dfda45bf039e8773042b88d6d4fc0841a4639c41,test_np_large_array.py
1f158197aa1fbd3a31c67581537bc1ee37e11dd0,naive_engine.cc
23b3665290cd828aaab7e2af4fcd740d798a1c8c,config.yml
22d69ef32c5b8d43d20ac4800d70a669c627ea08,amp.py
22d69ef32c5b8d43d20ac4800d70a669c627ea08,loss_scaler.py
22d69ef32c5b8d43d20ac4800d70a669c627ea08,trainer.py
146b49ead32b941f74db694f2d453cb25650d252,test_utils.py
146b49ead32b941f74db694f2d453cb25650d252,linalg.h
146b49ead32b941f74db694f2d453cb25650d252,linalg_impl.h
146b49ead32b941f74db694f2d453cb25650d252,log_softmax.cc
146b49ead32b941f74db694f2d453cb25650d252,softmax.cc
146b49ead32b941f74db694f2d453cb25650d252,np_true_divide-inl.h
146b49ead32b941f74db694f2d453cb25650d252,test_gluon_gpu.py
146b49ead32b941f74db694f2d453cb25650d252,test_gluon_model_zoo_gpu.py
146b49ead32b941f74db694f2d453cb25650d252,test_operator_gpu.py
146b49ead32b941f74db694f2d453cb25650d252,test_profiler_gpu.py
146b49ead32b941f74db694f2d453cb25650d252,common.py
146b49ead32b941f74db694f2d453cb25650d252,test_autograd.py
146b49ead32b941f74db694f2d453cb25650d252,test_contrib_gluon_data_vision.py
146b49ead32b941f74db694f2d453cb25650d252,test_gluon.py
146b49ead32b941f74db694f2d453cb25650d252,test_gluon_probability_v1.py
146b49ead32b941f74db694f2d453cb25650d252,test_gluon_probability_v2.py
146b49ead32b941f74db694f2d453cb25650d252,test_ndarray.py
146b49ead32b941f74db694f2d453cb25650d252,test_numpy_contrib_gluon_data_vision.py
146b49ead32b941f74db694f2d453cb25650d252,test_numpy_interoperability.py
146b49ead32b941f74db694f2d453cb25650d252,test_numpy_op.py
146b49ead32b941f74db694f2d453cb25650d252,test_operator.py
146b49ead32b941f74db694f2d453cb25650d252,test_sparse_operator.py
b4b8b805fe94a6df905c6eae7f6c1f83cfea9b73,__init__.py
b4b8b805fe94a6df905c6eae7f6c1f83cfea9b73,__init__.py
b4b8b805fe94a6df905c6eae7f6c1f83cfea9b73,__init__.py
b4b8b805fe94a6df905c6eae7f6c1f83cfea9b73,stochastic_block.py
b4b8b805fe94a6df905c6eae7f6c1f83cfea9b73,__init__.py
b4b8b805fe94a6df905c6eae7f6c1f83cfea9b73,bernoulli.py
b4b8b805fe94a6df905c6eae7f6c1f83cfea9b73,beta.py
b4b8b805fe94a6df905c6eae7f6c1f83cfea9b73,binomial.py
b4b8b805fe94a6df905c6eae7f6c1f83cfea9b73,categorical.py
b4b8b805fe94a6df905c6eae7f6c1f83cfea9b73,cauchy.py
b4b8b805fe94a6df905c6eae7f6c1f83cfea9b73,chi2.py
b4b8b805fe94a6df905c6eae7f6c1f83cfea9b73,constraint.py
b4b8b805fe94a6df905c6eae7f6c1f83cfea9b73,dirichlet.py
b4b8b805fe94a6df905c6eae7f6c1f83cfea9b73,distribution.py
b4b8b805fe94a6df905c6eae7f6c1f83cfea9b73,divergence.py
b4b8b805fe94a6df905c6eae7f6c1f83cfea9b73,exp_family.py
b4b8b805fe94a6df905c6eae7f6c1f83cfea9b73,exponential.py
b4b8b805fe94a6df905c6eae7f6c1f83cfea9b73,fishersnedecor.py
b4b8b805fe94a6df905c6eae7f6c1f83cfea9b73,gamma.py
b4b8b805fe94a6df905c6eae7f6c1f83cfea9b73,geometric.py
b4b8b805fe94a6df905c6eae7f6c1f83cfea9b73,gumbel.py
b4b8b805fe94a6df905c6eae7f6c1f83cfea9b73,half_cauchy.py
b4b8b805fe94a6df905c6eae7f6c1f83cfea9b73,half_normal.py
b4b8b805fe94a6df905c6eae7f6c1f83cfea9b73,independent.py
b4b8b805fe94a6df905c6eae7f6c1f83cfea9b73,laplace.py
b4b8b805fe94a6df905c6eae7f6c1f83cfea9b73,multinomial.py
b4b8b805fe94a6df905c6eae7f6c1f83cfea9b73,multivariate_normal.py
b4b8b805fe94a6df905c6eae7f6c1f83cfea9b73,negative_binomial.py
b4b8b805fe94a6df905c6eae7f6c1f83cfea9b73,normal.py
b4b8b805fe94a6df905c6eae7f6c1f83cfea9b73,one_hot_categorical.py
b4b8b805fe94a6df905c6eae7f6c1f83cfea9b73,pareto.py
b4b8b805fe94a6df905c6eae7f6c1f83cfea9b73,poisson.py
b4b8b805fe94a6df905c6eae7f6c1f83cfea9b73,relaxed_bernoulli.py
b4b8b805fe94a6df905c6eae7f6c1f83cfea9b73,relaxed_one_hot_categorical.py
b4b8b805fe94a6df905c6eae7f6c1f83cfea9b73,studentT.py
b4b8b805fe94a6df905c6eae7f6c1f83cfea9b73,transformed_distribution.py
b4b8b805fe94a6df905c6eae7f6c1f83cfea9b73,uniform.py
b4b8b805fe94a6df905c6eae7f6c1f83cfea9b73,utils.py
b4b8b805fe94a6df905c6eae7f6c1f83cfea9b73,weibull.py
b4b8b805fe94a6df905c6eae7f6c1f83cfea9b73,__init__.py
b4b8b805fe94a6df905c6eae7f6c1f83cfea9b73,domain_map.py
b4b8b805fe94a6df905c6eae7f6c1f83cfea9b73,transformation.py
b4b8b805fe94a6df905c6eae7f6c1f83cfea9b73,random.py
b4b8b805fe94a6df905c6eae7f6c1f83cfea9b73,multisample_op.cc
b4b8b805fe94a6df905c6eae7f6c1f83cfea9b73,multisample_op.h
b4b8b805fe94a6df905c6eae7f6c1f83cfea9b73,sample_op.cc
b4b8b805fe94a6df905c6eae7f6c1f83cfea9b73,test_operator_gpu.py
b4b8b805fe94a6df905c6eae7f6c1f83cfea9b73,test_gluon_probability_v1.py
b4b8b805fe94a6df905c6eae7f6c1f83cfea9b73,test_gluon_probability_v2.py
5df002567dd2e9ebcfeb620a9ba55adbded743da,fused_op.cc
c3aff732371d6177e5d522c052fb7258978d8ce4,conftest.py
c3aff732371d6177e5d522c052fb7258978d8ce4,pytest.ini
c3aff732371d6177e5d522c052fb7258978d8ce4,block.py
c3aff732371d6177e5d522c052fb7258978d8ce4,basic_layers.py
c3aff732371d6177e5d522c052fb7258978d8ce4,basic_layers.py
c3aff732371d6177e5d522c052fb7258978d8ce4,rnn_cell.py
c3aff732371d6177e5d522c052fb7258978d8ce4,conftest.py
c3aff732371d6177e5d522c052fb7258978d8ce4,test_contrib_amp.py
c3aff732371d6177e5d522c052fb7258978d8ce4,test_bucketing.py
c3aff732371d6177e5d522c052fb7258978d8ce4,test_dtype.py
c3aff732371d6177e5d522c052fb7258978d8ce4,test_resnet_aug.py
c3aff732371d6177e5d522c052fb7258978d8ce4,mxnet_export_test.py
c3aff732371d6177e5d522c052fb7258978d8ce4,test_autograd.py
c3aff732371d6177e5d522c052fb7258978d8ce4,test_gluon.py
c3aff732371d6177e5d522c052fb7258978d8ce4,test_gluon_data.py
c3aff732371d6177e5d522c052fb7258978d8ce4,test_module.py
67b5d314a5a46bce4377668626a73f0481b60fea,test_gluon_data.py
0210ce2c136afaa0f57666e5e1c659cab353f5f3,conftest.py
0210ce2c136afaa0f57666e5e1c659cab353f5f3,parameter.py
0210ce2c136afaa0f57666e5e1c659cab353f5f3,test_gluon.py
0210ce2c136afaa0f57666e5e1c659cab353f5f3,test_gluon_trainer.py
09224c4d125121f740c573dd981cdedeade61af3,storage_profiler.h
3e676fc2c88bec75e4463c8fa9b5532664d518c2,block.py
3e676fc2c88bec75e4463c8fa9b5532664d518c2,test_gluon.py
3e676fc2c88bec75e4463c8fa9b5532664d518c2,test_thread_local.py
47cd0ba72efce13d383396387fe3e1303b83ae89,quantized_elemwise_mul.cc
47cd0ba72efce13d383396387fe3e1303b83ae89,test_quantization.py
1c9274ed4a423750fbf6b7ccad249be1c4d67ee8,test_numpy_op.py
da95add57bee137422ec838a7016ee986a880982,mkldnn_convolution.cc
f01dc80f030d2d1912c8e134c95f373e9f1f8e7b,Makefile
f01dc80f030d2d1912c8e134c95f373e9f1f8e7b,test_transposecsr.py
f01dc80f030d2d1912c8e134c95f373e9f1f8e7b,test_transposerowsp.py
f01dc80f030d2d1912c8e134c95f373e9f1f8e7b,transposecsr_lib.cc
f01dc80f030d2d1912c8e134c95f373e9f1f8e7b,transposerowsp_lib.cc
f01dc80f030d2d1912c8e134c95f373e9f1f8e7b,subgraph_lib.cc
f01dc80f030d2d1912c8e134c95f373e9f1f8e7b,lib_api.h
f01dc80f030d2d1912c8e134c95f373e9f1f8e7b,c_api.cc
f7c43234d08d4b3a9401f2d5ffc1a98795765ad5,README.md
f7c43234d08d4b3a9401f2d5ffc1a98795765ad5,subgraph_lib.cc
f7c43234d08d4b3a9401f2d5ffc1a98795765ad5,test_subgraph.py
f7c43234d08d4b3a9401f2d5ffc1a98795765ad5,c_api.h
f7c43234d08d4b3a9401f2d5ffc1a98795765ad5,lib_api.h
f7c43234d08d4b3a9401f2d5ffc1a98795765ad5,mxnet.i
f7c43234d08d4b3a9401f2d5ffc1a98795765ad5,block.py
f7c43234d08d4b3a9401f2d5ffc1a98795765ad5,symbol.py
f7c43234d08d4b3a9401f2d5ffc1a98795765ad5,c_api.cc
f7c43234d08d4b3a9401f2d5ffc1a98795765ad5,c_api_symbolic.cc
f7c43234d08d4b3a9401f2d5ffc1a98795765ad5,build_subgraph.cc
f7c43234d08d4b3a9401f2d5ffc1a98795765ad5,custom_subgraph_property.h
f7c43234d08d4b3a9401f2d5ffc1a98795765ad5,subgraph_property.h
f7c43234d08d4b3a9401f2d5ffc1a98795765ad5,test_extensions.py
f7c43234d08d4b3a9401f2d5ffc1a98795765ad5,test_subgraph_op.py
66e4c27de6ffa610c185df1563600eadea190d7d,CMakeLists.txt
d2d4876f5d867d2a6d5b7bb5d1f587b910179f7c,nnvm_to_onnx.cc
c38b52784325380f79cafb9f0407ad327554fe6b,quantization_utils.h
c38b52784325380f79cafb9f0407ad327554fe6b,mkldnn_conv.cc
c38b52784325380f79cafb9f0407ad327554fe6b,mkldnn_fc.cc
c38b52784325380f79cafb9f0407ad327554fe6b,test_subgraph.py
4149f8b8752989fce5d80cc13f92d99774988b4f,env_var.md
4149f8b8752989fce5d80cc13f92d99774988b4f,exec_utils.cc
4149f8b8752989fce5d80cc13f92d99774988b4f,exec_utils.h
4149f8b8752989fce5d80cc13f92d99774988b4f,exec_pass.h
4149f8b8752989fce5d80cc13f92d99774988b4f,graph_executor.cc
4149f8b8752989fce5d80cc13f92d99774988b4f,infer_graph_attr_pass.cc
4149f8b8752989fce5d80cc13f92d99774988b4f,pointwise_fusion_pass.cc
4149f8b8752989fce5d80cc13f92d99774988b4f,simple_partition_pass.h
4149f8b8752989fce5d80cc13f92d99774988b4f,cached_op.cc
4149f8b8752989fce5d80cc13f92d99774988b4f,cached_op.h
4149f8b8752989fce5d80cc13f92d99774988b4f,imperative.cc
4149f8b8752989fce5d80cc13f92d99774988b4f,fused_op-inl.h
4149f8b8752989fce5d80cc13f92d99774988b4f,fused_op.cc
4149f8b8752989fce5d80cc13f92d99774988b4f,fused_op.cu
4149f8b8752989fce5d80cc13f92d99774988b4f,fused_op.h
4149f8b8752989fce5d80cc13f92d99774988b4f,mshadow_op.h
4149f8b8752989fce5d80cc13f92d99774988b4f,elemwise_unary_op_basic.cc
4149f8b8752989fce5d80cc13f92d99774988b4f,pooled_storage_manager.h
4149f8b8752989fce5d80cc13f92d99774988b4f,test_fusion.py
4149f8b8752989fce5d80cc13f92d99774988b4f,test_gluon.py
f9baec9a020d125d601790659e15fd7f9c2978c1,_op.py
f9baec9a020d125d601790659e15fd7f9c2978c1,multiarray.py
f9baec9a020d125d601790659e15fd7f9c2978c1,numpy_dispatch_protocol.py
f9baec9a020d125d601790659e15fd7f9c2978c1,_symbol.py
f9baec9a020d125d601790659e15fd7f9c2978c1,np_matrix_op-inl.h
f9baec9a020d125d601790659e15fd7f9c2978c1,np_matrix_op.cc
f9baec9a020d125d601790659e15fd7f9c2978c1,np_matrix_op.cu
f9baec9a020d125d601790659e15fd7f9c2978c1,test_numpy_interoperability.py
f9baec9a020d125d601790659e15fd7f9c2978c1,test_numpy_op.py
e2624551616e930f4106e7366568572208994740,benchmark_einsum.py
e2624551616e930f4106e7366568572208994740,mxnet_op.h
e2624551616e930f4106e7366568572208994740,np_einsum_op-inl.h
e2624551616e930f4106e7366568572208994740,np_einsum_op.cc
e2624551616e930f4106e7366568572208994740,np_einsum_path_op-inl.h
e2624551616e930f4106e7366568572208994740,test_numpy_interoperability.py
e2624551616e930f4106e7366568572208994740,test_numpy_op.py
5042d2ad9fe6d98da7ff81775d23717604f8aa93,mkldnn_conv.cc
5042d2ad9fe6d98da7ff81775d23717604f8aa93,mkldnn_fc.cc
b88705e7744be1cc22122eb2c5b492e495ab45bb,org_apache_mxnet_native_c_api.cc
faccc59bc0ed7e22933c1f86f3aabac6f13fe1a9,naive_engine.cc
66aa983e4dff90c28c356d66423565c69417d3c1,shuffle_op.cc
66aa983e4dff90c28c356d66423565c69417d3c1,test_random.py
102b46feb5bf1061545ac79e4b114a180250740e,Executor.scala
102b46feb5bf1061545ac79e4b114a180250740e,Optimizer.scala
102b46feb5bf1061545ac79e4b114a180250740e,ResourceScope.scala
102b46feb5bf1061545ac79e4b114a180250740e,Symbol.scala
102b46feb5bf1061545ac79e4b114a180250740e,DataParallelExecutorGroup.scala
102b46feb5bf1061545ac79e4b114a180250740e,Adam.scala
102b46feb5bf1061545ac79e4b114a180250740e,ResourceScopeSuite.scala
f98820c366db09dadfeb6d497833f2d173a32cf4,ndarray.h
f98820c366db09dadfeb6d497833f2d173a32cf4,ndarray.cc
f98820c366db09dadfeb6d497833f2d173a32cf4,pooled_storage_manager.h
3ab1decd56563e20fefb5f3f8893abbab26f9cbf,ndarray.h
3ab1decd56563e20fefb5f3f8893abbab26f9cbf,ndarray.cc
3ab1decd56563e20fefb5f3f8893abbab26f9cbf,pooled_storage_manager.h
33d83e4db8b53d5407c79d423155b47b3cef7a2c,linear_svm_test.cpp
